{
	"class_name" : "PinholeCameraParameters",
	"extrinsic" : 
	[
		0.99993712181273131,
		-0.0068653992700892594,
		-0.0088667194459519059,
		0.0,
		0.0014887284142626792,
		-0.70241729904907624,
		0.71176381032215263,
		0.0,
		-0.011114679868513116,
		-0.71173225604117651,
		-0.70236291160763731,
		0.0,
		1.0947547002727396,
		51.232337662768842,
		50.120477647646027,
		1.0
	],
	"intrinsic" : 
	{
		"height" : 1080,
		"intrinsic_matrix" : 
		[
			935.30743608719376,
			0.0,
			0.0,
			0.0,
			935.30743608719376,
			0.0,
			959.5,
			539.5,
			1.0
		],
		"width" : 1920
	},
	"version_major" : 1,
	"version_minor" : 0
}