{
	"class_name" : "PinholeCameraParameters",
	"extrinsic" : 
	[
		-0.80473524387387874,
		-0.021058166205820079,
		-0.59326026405220922,
		0.0,
		0.59349830958905336,
		-0.049897347076675411,
		-0.80328700429525568,
		0.0,
		-0.012686362054788382,
		-0.99853232716360163,
		0.0526521398146075,
		0.0,
		-0.68479653738514434,
		69.80652044855708,
		0.5748453202378041,
		1.0
	],
	"intrinsic" : 
	{
		"height" : 884,
		"intrinsic_matrix" : 
		[
			765.56645694544386,
			0.0,
			0.0,
			0.0,
			765.56645694544386,
			0.0,
			934.0,
			441.5,
			1.0
		],
		"width" : 1869
	},
	"version_major" : 1,
	"version_minor" : 0
}