{
	"class_name" : "PinholeCameraParameters",
	"extrinsic" : 
	[
		0.99969445346721064,
		0.024630797651121542,
		0.0020793061257368974,
		0.0,
		0.0084016597725499742,
		-0.41769820565439325,
		0.9085469834335298,
		0.0,
		0.02324675934321464,
		-0.9082519104302339,
		-0.4177775189976945,
		0.0,
		-1.3192132241342562,
		64.331674136428077,
		27.99494807893586,
		1.0
	],
	"intrinsic" : 
	{
		"height" : 600,
		"intrinsic_matrix" : 
		[
			519.6152422706632,
			0.0,
			0.0,
			0.0,
			519.6152422706632,
			0.0,
			399.5,
			299.5,
			1.0
		],
		"width" : 800
	},
	"version_major" : 1,
	"version_minor" : 0
}