{"position": [0.32219758283768574, 2.2090897041436706, 72.47239908360942], "front": [0.0, -0.0, -1.0], "up": [0.0, -1.0, -0.0]}