{
	"class_name" : "PinholeCameraParameters",
	"extrinsic" : 
	[
		0.9998317681533857,
		0.0013745444645586555,
		-0.018290599191651154,
		0.0,
		0.011114664278427791,
		-0.83865919587956628,
		0.54454312722191012,
		0.0,
		-0.014591080468989265,
		-0.54465481159552287,
		-0.83853338429462254,
		0.0,
		1.3161281837511654,
		39.873033680278986,
		59.992298706987533,
		1.0
	],
	"intrinsic" : 
	{
		"height" : 600,
		"intrinsic_matrix" : 
		[
			519.6152422706632,
			0.0,
			0.0,
			0.0,
			519.6152422706632,
			0.0,
			399.5,
			299.5,
			1.0
		],
		"width" : 800
	},
	"version_major" : 1,
	"version_minor" : 0
}